image_path,age,sex,time,event
img_00.png,73,M,12.735150550298368,0
img_01.png,40,F,7.859308956419046,0
img_02.png,41,M,1.7243215556543348,0
img_03.png,75,M,0.06421498226947275,1
img_04.png,75,F,8.771844806765886,0
img_05.png,62,F,15.181340819517551,0
img_06.png,63,F,6.974006462083237,1
img_07.png,56,F,2.348473200352133,1
img_08.png,72,F,1.2568236796688992,0
img_09.png,64,F,0.10455986023582163,0
